{"cameraMode":{"drawMode":0,"name":"Shaded","section":"Shading Mode"},"sceneLighting":true,"audioPlay":false,"sceneViewState":{"showFog":true,"showMaterialUpdate":false,"showSkybox":true,"showFlares":true,"showImageEffects":true,"showParticleSystems":true},"in2DMode":false,"pivot":{"x":-40.029998779296878,"y":0.38999998569488528,"z":-2.740001678466797},"rotation":{"x":-0.2648072838783264,"y":0.7348036766052246,"z":-0.42739179730415347,"w":-0.45527681708335879},"size":171.6484832763672,"orthographic":false}